target,predicted
500001.0,495467.5
240300.0,262676.7
218200.0,235380.0
182100.0,211883.3
121300.0,135516.7
120600.0,147776.7
72300.0,63540.0
500001.0,439026.9
98900.0,106323.3
82600.0,100293.3
399400.0,369053.5
78600.0,81756.7
212500.0,279346.7
174100.0,205150.0
258100.0,221203.3
121400.0,127250.0
221900.0,180370.0
334700.0,338703.4
337400.0,318296.7
340400.0,385746.8
184800.0,213730.0
272700.0,315316.7
180000.0,172336.7
72200.0,73516.7
274400.0,218816.7
212500.0,121233.3
400000.0,323293.3
251600.0,214883.3
208800.0,188730.0
105200.0,122890.0
350000.0,205960.0
181900.0,188386.7
300000.0,212030.0
203800.0,187353.3
158300.0,171106.7
411900.0,407727.0
203700.0,227816.7
223100.0,240110.0
67500.0,138796.7
74800.0,71300.0
171900.0,264940.0
240900.0,235050.0
343100.0,319410.0
267700.0,368066.8
373400.0,282046.7
187100.0,193170.0
56200.0,70953.3
59600.0,78853.3
55900.0,61840.0
292100.0,304813.5
180400.0,163370.0
83300.0,92093.3
271900.0,300370.0
260700.0,245320.0
500001.0,500001.0
226000.0,244956.7
346800.0,394936.7
115600.0,118040.0
335100.0,311830.0
143400.0,138500.0
229000.0,198133.3
500001.0,497224.3
333300.0,383546.7
190600.0,214376.7
248200.0,164576.7
187500.0,198503.3
122900.0,132896.7
137500.0,123360.0
332800.0,284243.4
397000.0,491640.9
500001.0,472740.7
308100.0,275230.0
191700.0,197286.7
105200.0,106516.7
421600.0,453960.6
218200.0,228123.3
88800.0,99900.0
100900.0,123286.7
68500.0,72160.0
55300.0,54816.7
197100.0,230973.3
343000.0,357536.7
167000.0,170343.3
96200.0,108376.7
331500.0,347066.7
248600.0,218556.7
500001.0,450807.3
195000.0,227600.0
238000.0,265683.3
159100.0,220383.4
143800.0,119283.3
314300.0,312806.7
84700.0,92250.0
74400.0,127653.3
128000.0,112946.7
164100.0,150570.0
75500.0,75463.3
173900.0,195283.3
239100.0,234106.7
267100.0,236283.3
161100.0,172983.3
84400.0,105036.7
176600.0,174263.3
65600.0,97740.0
288900.0,315543.4
348200.0,291416.7
96300.0,100606.7
188900.0,220053.3
128600.0,148666.7
234500.0,229753.3
81300.0,82566.7
283300.0,229696.7
52600.0,62976.7
81500.0,85803.3
76600.0,86826.7
112500.0,84020.0
225000.0,227886.7
115200.0,136483.3
173100.0,220860.0
186900.0,187173.3
296100.0,300950.0
312400.0,242756.7
118800.0,109973.3
297400.0,352576.7
71200.0,63276.7
63600.0,79946.7
184700.0,181690.0
162200.0,174840.0
218300.0,289966.7
116100.0,99886.7
320500.0,256276.7
304700.0,331073.3
132900.0,150010.0
500001.0,500001.0
270800.0,260816.7
151800.0,110456.7
106400.0,124520.0
123400.0,130766.7
98800.0,137536.7
116400.0,112326.7
156300.0,175270.0
325900.0,195760.0
327500.0,297533.3
216000.0,261890.0
172000.0,140643.3
202100.0,206363.3
500001.0,497971.0
500001.0,476497.0
363600.0,389443.4
446600.0,387570.1
330900.0,320990.0
179700.0,190753.3
187500.0,185523.3
96500.0,114043.3
169300.0,236683.5
187500.0,177743.5
166300.0,177503.3
379800.0,365986.7
185400.0,181593.3
67600.0,68270.0
500001.0,372600.0
302100.0,237213.3
126800.0,135196.7
177400.0,287843.3
500001.0,481554.1
231000.0,252946.7
337900.0,389766.7
339400.0,267096.7
266700.0,259600.0
167800.0,204193.3
72900.0,83133.3
168800.0,212040.0
250200.0,227703.3
156600.0,166793.3
112500.0,187250.0
142900.0,147503.3
123900.0,123113.3
182100.0,204073.3
71400.0,80516.7
149000.0,137003.3
241600.0,293903.4
120100.0,119523.3
81000.0,98896.7
146400.0,161123.3
267500.0,269193.3
74800.0,89366.7
156500.0,158270.0
193600.0,158303.3
156300.0,150490.0
154300.0,150843.3
295200.0,355550.1
110400.0,116190.0
225000.0,255013.4
267000.0,213990.0
253600.0,254566.7
266300.0,275713.3
225700.0,316750.1
229000.0,211300.0
244700.0,220183.3
375000.0,178723.3
500001.0,294543.3
60700.0,55276.7
218600.0,242763.3
181300.0,147236.7
166700.0,223713.3
314700.0,313213.3
192700.0,193913.3
172100.0,197296.7
500000.0,404206.9
92600.0,99286.7
105300.0,71456.7
342800.0,275223.4
500001.0,499074.3
167900.0,192083.3
251000.0,262526.7
170400.0,157646.7
92300.0,98813.3
276000.0,232876.7
233000.0,226560.0
159900.0,145266.7
228900.0,324780.0
78800.0,86620.0
229500.0,216616.7
193800.0,166850.0
131900.0,166476.7
153800.0,159080.0
208300.0,169173.3
500001.0,409837.1
180800.0,219773.3
131600.0,163566.7
233300.0,200683.3
163300.0,177263.3
75600.0,89010.0
156300.0,169783.3
141300.0,206820.0
355800.0,363290.2
79300.0,109616.7
71900.0,84376.7
227100.0,228010.0
111500.0,141316.7
173900.0,232886.8
341500.0,264683.3
155000.0,159210.0
312300.0,267780.0
83300.0,107006.7
71900.0,76586.7
130000.0,138166.7
336900.0,403073.4
342700.0,274583.3
189900.0,255136.7
108400.0,149420.0
172900.0,131373.3
153100.0,162960.0
218400.0,136720.0
500001.0,399250.2
222200.0,248893.3
442100.0,399316.9
168300.0,218560.0
193700.0,211410.0
158100.0,168080.0
165100.0,156013.3
231800.0,201833.3
192200.0,200586.7
211600.0,218330.0
67500.0,59576.7
477300.0,455100.5
170700.0,120386.7
281500.0,302150.0
121300.0,127180.0
100800.0,120333.3
146900.0,278293.4
297700.0,350886.8
95900.0,96440.0
156300.0,231056.7
92500.0,105766.7
138500.0,127973.3
133900.0,140223.3
242900.0,236656.7
112500.0,119710.0
330000.0,450863.8
298300.0,378663.6
153500.0,192700.0
67500.0,71736.7
61200.0,54563.3
96300.0,110163.3
138500.0,129210.0
241900.0,245196.7
470000.0,386117.0
87500.0,127933.3
336100.0,358960.1
63500.0,69416.7
134800.0,137016.7
199300.0,174186.7
401000.0,392090.3
321800.0,292880.0
277300.0,298373.3
220700.0,209486.7
199400.0,245813.3
115100.0,143623.3
397100.0,368976.7
145800.0,184713.3
296400.0,298370.0
366800.0,332063.3
81800.0,103973.3
223000.0,195956.7
280200.0,226116.7
190400.0,219200.0
337500.0,315040.0
159600.0,149660.0
76400.0,74866.7
337200.0,121550.0
90300.0,66553.3
155700.0,181176.7
252700.0,274700.0
70800.0,129843.3
89300.0,108526.7
351400.0,416970.3
244800.0,268453.3
183300.0,181383.3
129800.0,141443.3
227600.0,207320.0
298900.0,298873.3
500001.0,396453.5
146900.0,142713.3
78600.0,77540.0
129800.0,134930.0
198600.0,222576.7
500001.0,448370.6
108900.0,136900.0
209100.0,201880.0
242100.0,262756.7
191100.0,210356.7
161900.0,205380.0
129300.0,121493.3
173800.0,173233.3
253800.0,344726.7
137600.0,123000.0
73600.0,91010.0
118500.0,117650.0
500001.0,500001.0
96800.0,107410.0
465800.0,384716.9
67800.0,55016.7
323800.0,312773.3
148900.0,241233.4
136700.0,169956.7
177000.0,159340.0
152400.0,166663.3
159700.0,240030.0
98400.0,126333.3
67000.0,78560.0
386100.0,408680.3
177800.0,228113.3
91300.0,85683.3
275700.0,282853.3
158200.0,181126.7
256300.0,232473.3
142100.0,151756.7
326600.0,298853.3
352800.0,314563.4
215600.0,224563.3
200200.0,223176.7
286400.0,248750.0
324300.0,343620.0
155900.0,171970.0
262500.0,274800.0
231200.0,236883.3
387700.0,384676.7
377200.0,222846.7
173300.0,137546.7
221000.0,203876.7
85300.0,85010.0
89200.0,90000.0
262500.0,145700.0
51800.0,54133.3
263400.0,251566.7
186400.0,222336.7
228600.0,245833.3
217100.0,233546.7
126600.0,122493.3
218800.0,240680.0
315100.0,276793.3
159400.0,146186.7
121900.0,109890.0
232300.0,227906.7
116700.0,128216.7
141800.0,168203.3
161500.0,189726.7
218200.0,277676.7
143800.0,116833.3
159600.0,177160.0
189600.0,180153.3
94700.0,101713.3
196700.0,227996.7
121800.0,127690.0
331100.0,365740.0
279800.0,202386.7
139700.0,144930.0
106700.0,114170.0
500001.0,426777.0
164100.0,167260.0
325000.0,250766.7
93600.0,92923.3
170600.0,229220.0
98800.0,86003.3
59400.0,74240.0
169100.0,181873.3
92200.0,89700.0
72800.0,78400.0
101200.0,103183.3
73000.0,95353.3
183800.0,202086.7
107900.0,107730.0
166700.0,187923.3
500001.0,398030.3
162500.0,154286.7
246000.0,231173.3
97100.0,111970.0
269900.0,244690.0
376800.0,246590.1
235200.0,185903.3
110700.0,134223.3
238300.0,255946.7
115200.0,144290.0
358100.0,221946.7
150000.0,152926.7
254200.0,201663.3
94300.0,86346.7
73800.0,65753.3
70400.0,90683.3
287900.0,364240.1
152500.0,179463.3
59300.0,67406.7
210900.0,202393.3
277300.0,397823.6
232000.0,258900.1
215200.0,229446.7
335600.0,308846.7
132100.0,144383.3
336300.0,316453.4
175400.0,194356.7
123100.0,148740.0
48100.0,66169.9
381500.0,239886.7
98400.0,120596.7
101500.0,88586.7
184900.0,149526.7
180000.0,206263.3
87500.0,92356.7
82300.0,106063.3
218800.0,254750.0
260400.0,254410.0
165600.0,118520.0
210400.0,222780.0
217100.0,256973.3
282100.0,266023.3
500001.0,326163.4
426500.0,322896.7
74100.0,99393.3
89000.0,111523.3
329100.0,330063.3
254500.0,274396.7
284600.0,330296.7
182100.0,171153.3
177500.0,188686.7
293200.0,287860.0
281900.0,243440.0
352900.0,242320.0
334800.0,291130.0
87800.0,103290.0
241400.0,228310.0
118400.0,97520.0
190700.0,179810.0
142700.0,128653.3
139700.0,141613.3
90400.0,103433.3
500001.0,496627.6
500001.0,486140.8
450000.0,263970.1
286700.0,254096.7
500001.0,432203.7
232200.0,227316.7
190400.0,179360.0
268500.0,319440.0
244300.0,223116.7
126900.0,104780.0
264800.0,284186.7
319700.0,247850.0
225000.0,191566.7
130900.0,91193.3
162800.0,169570.0
414700.0,465630.5
41300.0,80103.3
109600.0,133240.0
235700.0,235180.0
217700.0,242850.0
128900.0,154066.7
131200.0,148110.0
93700.0,101740.0
266400.0,331006.7
326100.0,326710.0
141500.0,141033.3
216800.0,260186.7
168600.0,169873.3
108600.0,122963.3
98900.0,114023.3
87100.0,93930.0
79500.0,91590.0
242300.0,228483.3
113300.0,87810.0
130400.0,163493.3
67500.0,94326.7
130600.0,115786.7
68900.0,53563.3
68500.0,79830.0
252600.0,281060.0
17500.0,306253.4
81900.0,79586.7
446900.0,380920.1
143700.0,182953.3
395500.0,274960.0
123300.0,146123.3
275000.0,281610.0
112900.0,129383.3
282400.0,334246.7
212500.0,250766.7
155700.0,146743.3
111700.0,108950.0
179400.0,188890.0
79000.0,90470.0
374200.0,230080.0
211000.0,293676.7
500001.0,496874.3
353600.0,295720.0
189400.0,176903.3
188300.0,266146.7
400000.0,435050.4
189700.0,184593.3
190300.0,224366.7
138200.0,226373.3
218600.0,298563.3
112300.0,119510.0
437100.0,425306.9
77200.0,96320.0
352100.0,358206.7
176000.0,163226.7
360700.0,394660.3
186400.0,325306.8
229400.0,213753.3
180800.0,194693.3
285000.0,245196.7
67500.0,153253.3
212300.0,174623.3
251100.0,277333.4
153300.0,145376.7
87200.0,147736.7
172900.0,159590.0
132200.0,148380.0
485300.0,334593.4
118800.0,124813.3
118800.0,204943.3
157500.0,193730.0
96600.0,115110.0
87500.0,67286.7
500001.0,492964.2
160300.0,259136.7
67800.0,71563.3
124800.0,149283.3
170100.0,144326.7
75600.0,89996.7
218100.0,201686.7
184300.0,193930.0
170600.0,132970.0
336500.0,364226.7
101600.0,106126.7
166300.0,188650.0
500001.0,431243.5
240200.0,208630.0
155400.0,165443.3
183400.0,208003.3
124100.0,120896.7
101300.0,94483.3
222400.0,285866.7
258500.0,253086.7
99500.0,107640.0
54400.0,81906.7
119300.0,158316.7
55500.0,63130.0
209100.0,220290.0
93100.0,95920.0
155100.0,201970.0
320000.0,284646.7
316900.0,316453.3
90600.0,70773.3
42600.0,57316.7
48800.0,83600.0
62900.0,67553.3
145200.0,201713.3
295800.0,359170.0
59000.0,74283.3
113900.0,110323.3
212500.0,254500.0
106000.0,107746.7
139700.0,201200.0
89500.0,85383.3
275900.0,222603.3
174800.0,224053.3
69800.0,94263.3
203500.0,204710.0
119000.0,124196.7
178200.0,190160.0
218800.0,213230.0
385900.0,446787.2
158100.0,145400.0
46800.0,50193.3
333300.0,202783.3
131100.0,151100.0
192600.0,239506.7
445700.0,397483.5
181300.0,191286.7
235500.0,238660.0
302900.0,325333.3
263800.0,252070.0
70600.0,86943.3
103600.0,120676.7
70500.0,79176.7
183000.0,217673.4
257500.0,248113.3
238600.0,233276.7
100000.0,115876.7
65800.0,76940.0
495600.0,488484.1
100500.0,113533.3
301500.0,256326.7
222100.0,308686.7
153500.0,177493.3
222400.0,251633.3
91500.0,94710.0
127500.0,172713.3
96600.0,73300.0
99700.0,125063.3
135300.0,132320.0
159200.0,156836.7
287600.0,295753.3
112500.0,147470.0
162800.0,139516.7
431000.0,432910.4
111800.0,113390.0
187200.0,193363.3
262500.0,218080.0
117600.0,136953.3
260300.0,254116.7
154200.0,250220.1
185100.0,182390.0
95000.0,103240.0
250900.0,246503.3
105200.0,128680.0
84100.0,82816.7
368000.0,351723.3
192500.0,182276.7
188700.0,212620.0
500001.0,381470.2
174000.0,161430.0
435700.0,372296.7
140300.0,162036.7
420800.0,307030.0
183000.0,210183.3
154400.0,172033.3
157700.0,233936.7
288800.0,355360.0
247000.0,159253.3
91400.0,100210.0
186200.0,164526.7
500001.0,370390.2
81300.0,95986.7
113200.0,116523.3
139800.0,157803.3
286600.0,207926.7
350000.0,181290.0
67700.0,76823.3
320900.0,344290.1
342900.0,299293.3
102800.0,114753.3
378300.0,358200.0
285400.0,302273.3
500001.0,255970.0
87500.0,87063.3
192000.0,168186.7
107400.0,130916.7
167200.0,184543.3
375300.0,345763.3
500001.0,445363.9
118900.0,159770.0
137500.0,161746.7
53000.0,50746.7
51200.0,57446.7
130500.0,145483.3
126100.0,118480.0
177900.0,189476.7
233100.0,192763.3
162000.0,167096.7
475000.0,230750.0
187500.0,184536.7
154200.0,217470.0
185700.0,230243.3
148300.0,157130.0
146900.0,145053.3
62000.0,68340.0
115400.0,133066.7
231600.0,229426.7
259900.0,256460.0
281000.0,362646.9
144000.0,144316.7
309700.0,294096.7
95000.0,101553.3
500001.0,331160.0
237400.0,365973.4
160000.0,182406.7
329100.0,298653.3
94900.0,91700.0
91500.0,87716.7
171400.0,171890.0
264100.0,235510.0
216000.0,245300.0
195800.0,193463.3
95600.0,115540.0
121000.0,142573.3
212100.0,215366.7
116700.0,103246.7
218800.0,219143.5
264100.0,279190.0
169700.0,162460.0
195800.0,171970.0
157700.0,148340.0
367400.0,243263.3
93800.0,142573.3
84900.0,96076.7
147800.0,153950.0
191000.0,218036.7
116000.0,115083.3
195000.0,155986.7
116900.0,124706.7
387800.0,296566.7
481300.0,427420.3
286600.0,336303.4
92800.0,120093.3
72000.0,68980.0
347700.0,243826.7
136200.0,186966.7
133400.0,123516.7
71200.0,103600.0
500001.0,492980.9
85500.0,80203.3
67200.0,68933.3
252900.0,234006.7
198200.0,242930.0
185900.0,167636.7
146000.0,171070.0
326700.0,286326.7
129900.0,136980.0
153900.0,194670.0
114600.0,142303.3
145500.0,114393.3
500001.0,421097.1
130300.0,110233.3
371000.0,332476.7
150600.0,156526.7
123100.0,73250.0
222300.0,202543.3
123100.0,128683.3
164800.0,154523.3
40400.0,88830.0
92600.0,104386.7
261600.0,184520.0
187700.0,215166.7
225200.0,211713.3
100000.0,92873.3
500001.0,488010.8
275200.0,339320.0
350000.0,173256.7
216800.0,191530.0
152800.0,176413.3
224100.0,212350.0
137300.0,163400.0
238700.0,205646.7
500001.0,305163.4
242600.0,280846.7
141300.0,116043.3
240800.0,243790.0
59000.0,57210.0
316100.0,262203.4
293700.0,250686.7
175000.0,175730.0
212500.0,225560.0
118800.0,195620.0
192000.0,199853.3
118800.0,172736.7
163000.0,165130.0
100000.0,127720.0
111100.0,129476.7
125000.0,123003.3
85400.0,96086.7
137500.0,131146.7
264600.0,265166.7
263300.0,275736.7
71000.0,86053.3
361900.0,215713.3
174400.0,196500.0
72900.0,110423.3
277300.0,244603.3
162500.0,164650.0
333300.0,322460.1
162500.0,165510.0
100600.0,103066.7
170100.0,188080.0
194700.0,237516.7
106400.0,132930.0
311600.0,263523.3
230800.0,291656.7
175900.0,153456.7
201900.0,188176.7
134100.0,144343.3
182500.0,227063.3
344500.0,350680.1
273400.0,262476.7
500001.0,379716.7
256300.0,314190.0
197100.0,226386.7
162600.0,198230.0
137500.0,110850.0
178400.0,167320.0
201100.0,189380.0
65300.0,71023.3
131300.0,183213.4
223200.0,272826.7
87800.0,91670.0
137900.0,115726.7
302000.0,327803.4
185000.0,242023.3
118800.0,105566.7
500001.0,282260.1
248900.0,335280.1
174000.0,169980.0
344500.0,357930.0
103600.0,135800.0
174800.0,184293.3
99100.0,140096.7
229800.0,218020.0
255700.0,278520.0
79400.0,78306.7
500001.0,481537.4
190600.0,157766.7
187300.0,239370.0
397000.0,359800.0
140900.0,271890.1
106300.0,105850.0
220500.0,195970.0
326600.0,367376.7
59000.0,70950.0
417600.0,195136.7
205000.0,212176.7
67200.0,64026.7
190000.0,265073.3
55600.0,80050.0
173100.0,182096.7
320100.0,310126.7
255900.0,273580.0
176000.0,157823.3
422500.0,421370.1
252800.0,217333.4
345100.0,293623.4
130400.0,136743.3
209700.0,240220.0
183900.0,177856.7
109700.0,107030.0
194500.0,213990.1
96400.0,120726.7
135400.0,137893.3
299400.0,285633.4
202300.0,179650.0
187500.0,162330.0
94900.0,114623.3
223000.0,183293.3
281500.0,260900.0
81500.0,104253.3
134100.0,179653.3
187500.0,181443.3
153600.0,151593.3
121200.0,135676.7
161500.0,200783.3
500001.0,482267.4
188300.0,335716.7
160000.0,179883.3
279900.0,264893.3
193900.0,169646.7
184000.0,174673.3
485300.0,329410.0
82100.0,116793.3
174200.0,224016.7
331000.0,367226.8
66800.0,84246.7
380000.0,316560.0
390000.0,379346.7
165000.0,180043.3
248200.0,235986.7
210300.0,229936.7
62000.0,75263.3
309300.0,273870.0
171400.0,159430.0
341800.0,380586.7
254000.0,332640.2
500001.0,375676.7
173800.0,236446.7
364200.0,257026.7
97300.0,90540.0
55000.0,75463.3
367700.0,384673.4
42100.0,71676.7
500001.0,471400.8
193400.0,202743.4
87500.0,146140.0
156700.0,180656.7
200000.0,211923.4
400000.0,404443.4
47400.0,57103.3
91200.0,159326.7
364300.0,301636.7
167900.0,139703.3
69700.0,82450.0
44000.0,65700.0
92900.0,89236.7
129200.0,129543.3
404700.0,342896.7
60800.0,66440.0
163800.0,214163.3
65900.0,69133.3
114200.0,145006.7
133300.0,125236.7
367100.0,186540.0
118900.0,104263.3
106300.0,120216.7
237500.0,188486.7
136200.0,129153.3
96900.0,148886.7
325700.0,273733.3
60300.0,64580.0
154200.0,201653.3
340400.0,326153.3
298400.0,172263.3
251400.0,237150.0
238700.0,247173.3
175000.0,236833.3
60600.0,64860.0
208500.0,378230.0
241400.0,175873.3
251300.0,242073.3
74600.0,75366.7
161700.0,231636.7
209200.0,175853.3
248500.0,232960.0
130700.0,126206.7
223100.0,178140.0
500001.0,469020.6
154200.0,150803.3
226300.0,190083.3
126700.0,133346.7
153200.0,157680.0
132200.0,165300.0
138800.0,137496.7
176900.0,181020.0
309700.0,241916.7
69100.0,80116.7
500001.0,448663.7
113500.0,129040.0
179200.0,161833.3
289600.0,252323.4
299000.0,279146.7
236100.0,240820.0
450000.0,343866.9
138100.0,169493.3
61400.0,74256.7
64700.0,71453.3
444000.0,405713.6
500001.0,455760.6
181500.0,187570.0
127900.0,119333.3
210200.0,214173.3
82000.0,102330.0
233400.0,257853.4
199200.0,222193.3
233700.0,198373.3
158900.0,163996.7
153500.0,174433.3
178300.0,153483.3
63400.0,66416.7
289000.0,265330.0
173100.0,173420.0
240400.0,309846.7
287500.0,272543.3
330200.0,372373.4
183300.0,167340.0
234600.0,269730.0
50500.0,71326.7
292900.0,280406.7
115500.0,163613.3
87500.0,112603.3
91300.0,122210.0
79000.0,127266.7
244100.0,263963.3
63400.0,68260.0
158700.0,168663.3
150400.0,142320.0
76400.0,87183.3
200800.0,176063.3
89300.0,128786.7
273600.0,262903.4
171600.0,171870.0
98600.0,141926.7
195500.0,190950.0
240600.0,258253.3
375000.0,172153.3
239900.0,228213.3
82800.0,87490.0
500001.0,455843.9
252700.0,263516.7
134800.0,148993.3
139600.0,144196.7
91900.0,125080.0
395300.0,354473.3
318300.0,300543.4
275000.0,249773.4
224700.0,187506.7
95000.0,112863.3
61000.0,79983.3
432600.0,408486.8
265700.0,252143.3
130800.0,145650.0
165300.0,175316.7
280900.0,362733.3
87500.0,97743.3
130000.0,140676.7
97300.0,110620.0
75800.0,83990.0
192500.0,263133.3
158500.0,185580.0
112800.0,136760.0
137200.0,133103.3
213500.0,160450.0
99300.0,120623.3
300000.0,355126.7
112800.0,139630.0
212200.0,188646.7
243100.0,230040.0
242600.0,288143.4
197200.0,202480.0
198600.0,235423.4
109400.0,111323.3
137500.0,108606.7
201300.0,206510.0
43300.0,51386.7
176000.0,162216.7
288100.0,243783.3
276700.0,250510.0
80700.0,95390.0
99100.0,121193.3
311700.0,310196.7
188900.0,206370.0
312500.0,337230.2
366700.0,407160.3
333600.0,339070.0
238900.0,244410.0
281300.0,211646.7
256700.0,230983.3
188700.0,211370.0
222500.0,194076.7
196400.0,247190.0
376100.0,373640.1
73100.0,71860.0
157200.0,215193.4
275000.0,227490.0
300600.0,176676.7
133600.0,225560.0
188300.0,269933.4
148000.0,132593.3
196300.0,193570.0
164400.0,144893.3
319100.0,178166.7
195200.0,171443.3
104000.0,104906.7
474300.0,390530.1
213800.0,212193.3
75800.0,79083.3
128800.0,114066.7
176600.0,151000.0
187500.0,194180.0
183900.0,199010.0
81100.0,91980.0
453800.0,484943.9
57900.0,66280.0
155700.0,106663.3
169800.0,174513.3
177100.0,147850.0
207900.0,159936.7
175900.0,164303.3
127300.0,101956.7
236200.0,267776.7
421300.0,352840.0
226800.0,186490.0
232800.0,187310.0
71300.0,115756.7
337900.0,268826.7
177600.0,194900.0
87500.0,102240.0
95300.0,108670.0
329700.0,336180.0
58400.0,60760.0
99800.0,103550.0
294100.0,250786.7
110800.0,107386.7
131100.0,153360.0
237300.0,278570.0
333300.0,249070.0
250000.0,259456.9
500001.0,320266.9
292500.0,297296.7
212500.0,273700.1
159200.0,203703.3
349200.0,400973.5
91100.0,96580.0
67500.0,67120.0
500001.0,389470.0
167800.0,169023.3
197600.0,209133.3
185100.0,271390.0
177300.0,205123.3
156800.0,172860.0
88400.0,104653.3
274300.0,254803.4
463500.0,448937.0
184400.0,138466.7
112500.0,156503.3
101500.0,120646.7
191100.0,263506.7
90100.0,126393.3
175700.0,132133.3
500001.0,475457.4
500001.0,487540.9
225600.0,187283.3
335000.0,297570.0
177500.0,174386.7
235300.0,199903.3
300700.0,293500.0
117200.0,152026.7
295200.0,380210.2
162100.0,177950.0
157900.0,210060.0
153100.0,173196.7
244800.0,249616.7
310300.0,329656.7
72500.0,86916.7
58700.0,73513.3
150600.0,150866.7
152700.0,119683.3
150000.0,165783.3
243800.0,220646.7
55000.0,76833.3
162500.0,144606.7
216300.0,194060.0
207800.0,211733.3
93000.0,122120.0
500001.0,285660.1
322900.0,267730.0
91400.0,129760.0
55000.0,329220.1
198600.0,167540.0
271800.0,214086.7
47500.0,245336.7
125000.0,114113.3
304100.0,321293.4
341600.0,368456.7
228200.0,197350.0
170400.0,163006.7
94600.0,81053.3
500001.0,465207.2
157500.0,160243.3
364000.0,245203.3
64500.0,99693.3
95300.0,106913.3
311400.0,361676.7
195300.0,193010.0
253800.0,219673.3
110200.0,126046.7
213800.0,174473.3
162100.0,176273.3
500001.0,463090.6
111800.0,99066.7
195800.0,195210.0
156500.0,171223.3
145100.0,124800.0
500001.0,477843.9
423200.0,341076.7
141900.0,132346.7
58300.0,65113.3
142300.0,151080.0
87500.0,154783.3
170000.0,170203.3
174900.0,178533.3
153000.0,179703.3
140500.0,142790.0
281900.0,260050.0
270600.0,314183.4
135500.0,143226.7
116300.0,91526.6
86600.0,99006.7
255500.0,200836.7
341400.0,319203.3
144700.0,155780.0
105700.0,112830.0
45500.0,77096.7
108300.0,218356.7
333800.0,409206.7
275000.0,137283.3
225000.0,212170.0
189600.0,248580.0
120900.0,146490.0
183100.0,171473.3
76200.0,84526.7
500001.0,342683.4
473000.0,395276.7
239300.0,254690.0
202800.0,208126.7
218500.0,227893.3
178500.0,182150.0
97400.0,111340.0
206000.0,254936.7
390000.0,291106.7
500001.0,468977.3
416300.0,324433.3
142600.0,160986.7
70400.0,80756.7
342800.0,336533.3
215800.0,258663.3
113600.0,142790.0
197100.0,215016.7
147100.0,157210.0
92000.0,153673.3
158000.0,267526.7
122200.0,198976.7
293200.0,330090.1
340000.0,364403.4
500001.0,488784.1
135300.0,134886.7
211700.0,190336.7
84500.0,82556.7
276600.0,275940.0
191700.0,231376.7
308400.0,406996.8
500001.0,434270.4
140400.0,172313.3
143000.0,173136.7
197000.0,241460.0
71500.0,77170.0
199300.0,181863.3
500001.0,391383.4
145200.0,195513.3
400000.0,416220.1
488500.0,346663.3
163600.0,142430.0
66000.0,86776.7
142300.0,139293.3
234100.0,240916.7
209500.0,264133.3
242000.0,211146.7
197600.0,151506.7
317700.0,255296.7
168900.0,229566.7
131700.0,137846.7
136600.0,142380.0
71500.0,83720.0
180700.0,224596.7
213400.0,251593.3
121400.0,198806.7
273900.0,308856.7
127900.0,185156.7
170100.0,194096.7
112500.0,123706.7
293200.0,213510.0
82500.0,88100.0
322600.0,353596.8
235300.0,247876.7
273400.0,280316.7
407800.0,356390.1
500001.0,434950.4
214500.0,214116.7
138800.0,125730.0
165700.0,195336.7
112500.0,207470.0
170800.0,170060.0
158900.0,175636.7
318700.0,371653.4
242000.0,382850.2
500001.0,443137.0
166800.0,181090.0
286500.0,205783.3
324900.0,278440.0
72200.0,82016.7
141700.0,155736.7
305000.0,334236.7
500001.0,427890.4
72400.0,85310.0
84100.0,90516.7
303800.0,255043.3
151600.0,140866.7
147200.0,144766.7
137100.0,144640.0
284200.0,336370.0
248900.0,192223.3
118500.0,94520.0
217500.0,243743.3
302400.0,308040.0
71200.0,91493.3
135500.0,151573.3
367600.0,402613.4
181800.0,144810.0
243200.0,229530.0
431300.0,438613.5
403400.0,427130.2
285600.0,304810.1
310300.0,354593.4
95800.0,104716.7
275000.0,265363.4
184900.0,173776.7
190900.0,229233.3
169100.0,137153.3
151100.0,152833.3
105700.0,170583.3
500001.0,441123.7
49100.0,51110.0
500000.0,401513.6
269200.0,306073.3
187500.0,214360.0
163300.0,159260.0
89600.0,97586.7
210900.0,194833.3
337500.0,419566.9
132400.0,153160.0
153700.0,165246.7
310000.0,330060.1
193300.0,237770.0
239900.0,298340.0
271600.0,227200.1
258800.0,284133.3
500001.0,411483.4
500001.0,400360.3
223900.0,199703.3
162500.0,93506.7
281100.0,267096.7
159000.0,271783.3
286300.0,288066.7
14999.0,214626.7
218800.0,122540.0
191800.0,227506.7
67200.0,63086.7
430000.0,337856.8
146800.0,132973.3
103100.0,105573.3
80200.0,97043.3
255700.0,289550.0
74100.0,81250.0
189600.0,198240.0
133400.0,131753.3
128100.0,212943.3
201900.0,179903.3
378000.0,382726.7
60400.0,59896.7
272000.0,308460.0
160100.0,172066.7
298900.0,351903.4
220100.0,220640.0
61500.0,67363.3
267300.0,333560.0
254400.0,228753.3
86500.0,110643.3
231400.0,241693.3
129100.0,184473.3
318300.0,326053.3
239200.0,226306.7
219000.0,210450.0
130600.0,110846.7
110000.0,134736.7
188500.0,190413.3
82300.0,78013.3
255000.0,234026.7
451400.0,423413.6
320800.0,295416.7
124000.0,162713.3
374000.0,384633.3
350500.0,292136.7
156000.0,158736.7
500001.0,487174.2
291300.0,270993.3
25000.0,86183.4
266100.0,239113.3
217900.0,156640.0
101800.0,115596.7
137500.0,166833.3
69400.0,81266.7
219800.0,183413.3
94200.0,103506.7
312500.0,272906.7
166300.0,159233.3
186900.0,203256.7
114800.0,116323.3
52300.0,56740.0
307700.0,318746.7
246900.0,266233.4
117500.0,131910.0
108000.0,113320.0
164600.0,179176.7
111900.0,165400.0
438000.0,322156.7
134400.0,116380.0
122600.0,116590.0
80400.0,89086.7
218300.0,262280.0
100400.0,102266.7
100000.0,162833.3
330700.0,374266.8
83500.0,100946.7
196100.0,210506.7
162500.0,155880.0
319400.0,372200.3
220500.0,190786.7
125400.0,136696.7
166400.0,158033.3
186400.0,248073.3
243100.0,285163.4
172700.0,189893.3
181200.0,187933.3
191100.0,220533.3
55400.0,69230.0
169300.0,92770.0
97500.0,164073.3
121500.0,134690.0
398900.0,327343.5
275000.0,247196.8
282000.0,308416.7
343100.0,329740.1
94600.0,101466.7
112500.0,138653.3
216800.0,280813.3
238200.0,220860.0
212300.0,226853.3
59200.0,67950.0
163100.0,160106.7
360100.0,392523.5
417600.0,248180.1
67300.0,66180.0
60900.0,69113.3
270300.0,185723.3
62200.0,60880.0
500001.0,477660.7
128900.0,79060.0
184400.0,170473.3
237300.0,205956.7
218100.0,289603.4
427600.0,343230.0
149700.0,145803.3
51600.0,56556.7
390900.0,422620.3
290700.0,270240.0
132700.0,121190.0
145800.0,159783.3
98500.0,117026.7
441400.0,429136.9
209500.0,214790.0
476300.0,324726.8
135600.0,112010.0
136000.0,150363.3
228900.0,305080.0
59200.0,79706.7
133800.0,188023.3
216200.0,218160.0
89400.0,94236.7
47700.0,53293.3
135400.0,183843.3
373400.0,267820.0
250000.0,377626.9
85900.0,122366.7
285200.0,278133.3
70500.0,81816.7
90400.0,97720.0
146000.0,148306.7
70300.0,79763.3
343400.0,336950.1
213500.0,209133.3
500001.0,439797.1
139100.0,158396.7
172500.0,157620.0
66300.0,85436.7
388500.0,376640.2
500001.0,494974.3
123800.0,143413.3
230300.0,240266.7
255200.0,183460.0
216700.0,254556.8
226400.0,198626.7
225600.0,211643.3
316000.0,344883.4
60000.0,73243.3
152900.0,171826.7
354500.0,361096.8
155200.0,144123.3
146800.0,201063.3
113700.0,127753.3
83700.0,79926.7
71600.0,73040.0
160700.0,197233.3
202200.0,234290.0
62500.0,114486.7
171400.0,167423.3
313900.0,281860.0
307100.0,296140.0
70100.0,79446.7
96800.0,114926.7
87000.0,93736.7
104200.0,129630.0
112500.0,232853.4
225200.0,217573.3
87500.0,127346.7
146900.0,171280.0
100000.0,108823.3
213000.0,202970.0
245200.0,260496.7
500001.0,226393.3
290600.0,388820.2
91400.0,91813.3
49800.0,51970.0
83300.0,207356.8
351700.0,437023.8
230800.0,205910.0
125000.0,140806.7
193200.0,214530.0
51400.0,55416.7
97200.0,126300.0
383600.0,354143.5
366700.0,295310.0
500001.0,478817.3
298600.0,285640.0
269400.0,251026.7
235800.0,222470.0
151300.0,169980.0
373500.0,367750.2
162500.0,107873.3
147900.0,163583.3
450000.0,367823.5
143800.0,154563.3
158200.0,156190.0
88000.0,127896.7
93800.0,118713.3
80600.0,100703.3
220300.0,195066.7
281700.0,198410.0
170700.0,166703.3
158500.0,172076.7
167500.0,133083.3
146800.0,111533.3
167800.0,218506.7
446600.0,365883.3
50700.0,52880.0
270100.0,314040.0
128900.0,141660.0
60500.0,70383.3
500001.0,493840.9
117400.0,189010.0
90800.0,81953.3
270500.0,266023.4
150400.0,143243.3
163000.0,167246.7
379500.0,342113.5
355900.0,438930.2
122300.0,119446.7
163200.0,157470.0
242400.0,284536.7
94700.0,108073.3
84800.0,96626.7
162500.0,175113.4
95200.0,90770.0
115800.0,107710.0
113500.0,146176.7
210700.0,165770.0
111400.0,137163.3
96400.0,112923.3
341700.0,320293.4
104600.0,112580.0
120700.0,117130.0
203400.0,224773.3
403000.0,388143.6
349600.0,284886.7
117100.0,231200.0
215200.0,250493.3
442500.0,441103.7
204600.0,213280.0
77100.0,96396.7
156900.0,201513.3
284100.0,209266.7
40900.0,53786.7
115700.0,122110.0
69400.0,68390.0
241500.0,308646.8
66000.0,81823.3
276300.0,295016.7
63900.0,75556.7
325000.0,204106.7
350000.0,309850.0
329200.0,309096.7
132700.0,120510.0
250900.0,206793.3
97300.0,187860.0
60400.0,70853.3
202800.0,207660.0
479500.0,478763.8
181900.0,186553.3
185200.0,200190.0
214600.0,166790.0
198800.0,142660.0
123500.0,139683.3
500001.0,495454.3
190500.0,181323.3
240600.0,314126.7
194100.0,209723.3
128500.0,124900.0
305800.0,277296.7
345300.0,235413.3
39200.0,62743.3
113900.0,118593.3
239400.0,244350.0
325000.0,207490.0
70800.0,74480.0
142200.0,136720.0
227100.0,227810.0
143500.0,142910.0
132600.0,153900.0
381800.0,438073.7
89100.0,91746.7
265500.0,257093.3
75300.0,86990.0
84200.0,106756.7
460100.0,487904.0
160400.0,239650.1
242000.0,267983.3
500001.0,484570.9
86100.0,100616.7
220800.0,246376.7
208300.0,202720.0
234700.0,284500.0
142100.0,151080.0
246900.0,206670.0
261000.0,263023.3
202600.0,257010.0
420000.0,379443.5
58000.0,64700.0
102900.0,104516.7
127500.0,151153.3
360100.0,365033.4
217100.0,264496.7
500001.0,334730.1
300000.0,330763.4
272400.0,285936.7
219900.0,206730.0
175000.0,333110.1
112500.0,171666.7
311500.0,333816.7
252100.0,193220.0
57200.0,61370.0
54200.0,101240.0
218400.0,213286.7
118000.0,172463.3
197000.0,191653.3
102700.0,111310.0
264700.0,288080.1
346500.0,300333.4
338100.0,306643.5
178100.0,149553.3
117100.0,157506.7
278800.0,306370.0
95100.0,96646.7
224700.0,276096.7
176400.0,162043.3
213200.0,259490.0
225900.0,251710.0
500001.0,422626.9
275000.0,341306.8
72900.0,85783.3
95000.0,84890.0
206700.0,198243.3
146900.0,139583.3
178200.0,174746.7
358700.0,417836.9
257200.0,241023.3
192900.0,241323.3
225000.0,176953.3
271100.0,293343.3
500001.0,499451.0
238000.0,236903.3
162500.0,145930.0
133000.0,147793.3
169400.0,203570.0
137500.0,170010.0
262500.0,327976.7
164600.0,130193.3
107500.0,115366.7
55000.0,85086.7
211300.0,210766.7
238000.0,232643.3
259300.0,282303.3
71100.0,88946.7
174500.0,188306.7
86400.0,92200.0
450400.0,364983.4
72800.0,92986.7
104000.0,100906.7
202800.0,220133.3
406800.0,415976.9
405000.0,422620.4
500001.0,413720.3
88600.0,97610.0
185100.0,254613.3
102600.0,164933.3
500001.0,474807.4
141100.0,125783.3
211800.0,239986.7
353600.0,241130.0
289400.0,288770.0
205200.0,218666.7
61300.0,62743.3
405800.0,328353.5
239300.0,184423.4
102000.0,144006.7
162900.0,245543.3
451300.0,338963.4
141700.0,115996.7
91900.0,124606.7
46700.0,62110.0
194400.0,196300.0
289200.0,264253.3
370000.0,356216.7
148200.0,149030.0
217700.0,219586.7
109800.0,126216.7
122400.0,88280.0
79800.0,101710.0
150000.0,197803.3
81700.0,71953.3
271800.0,349586.7
66100.0,70930.0
95200.0,158563.3
272500.0,303476.7
112500.0,99063.3
193600.0,206276.7
252600.0,224710.0
94700.0,110010.0
72800.0,78766.7
500001.0,463570.6
250000.0,176736.7
147400.0,180020.0
109300.0,107790.0
366700.0,321740.0
190000.0,209570.0
98500.0,148743.3
129500.0,172583.3
271200.0,233426.7
67500.0,307800.4
155000.0,142990.0
175000.0,222476.8
246400.0,250653.4
155700.0,254660.0
262500.0,311576.8
53000.0,65263.3
96600.0,124513.3
136300.0,143680.0
141100.0,143186.7
500001.0,495254.3
168800.0,204113.3
186900.0,204010.0
53500.0,58676.7
227900.0,255203.3
215500.0,198443.3
204300.0,188226.7
360900.0,346403.3
155300.0,144176.7
383000.0,377353.5
202000.0,256996.7
350000.0,254226.7
235400.0,249996.7
327300.0,161503.3
257800.0,215880.0
158700.0,137996.7
348200.0,236530.0
98500.0,159680.0
150000.0,138516.7
153700.0,177180.0
216400.0,163023.3
178000.0,186156.7
198000.0,200200.0
53000.0,53496.7
181800.0,188323.3
206900.0,266970.0
172300.0,199093.3
258100.0,282566.7
156500.0,196783.3
92800.0,113560.0
116400.0,162206.7
60900.0,91253.3
231300.0,143560.0
93400.0,91883.3
239800.0,251973.3
158300.0,164956.7
105400.0,121776.7
176400.0,221876.7
102800.0,94570.0
429100.0,299496.7
127800.0,150760.0
129100.0,120790.0
306300.0,275273.4
252400.0,237590.0
190600.0,194763.3
500001.0,415083.8
100000.0,104833.3
119600.0,148403.3
157500.0,195550.0
273800.0,244913.3
174000.0,180066.7
189700.0,161343.3
190900.0,218456.7
70700.0,82240.0
75600.0,91930.0
181300.0,269326.7
500001.0,492100.8
96500.0,122426.7
134900.0,173660.0
149400.0,152356.7
170800.0,176303.3
126500.0,96363.3
225800.0,239646.7
136400.0,150300.0
322800.0,282146.7
98500.0,129936.7
88500.0,90116.7
241900.0,238380.0
115600.0,192253.3
500001.0,467617.2
256100.0,234193.3
328500.0,344510.1
500001.0,480447.5
248400.0,166886.7
135800.0,120036.7
103400.0,101963.3
86800.0,86383.3
198000.0,180633.3
137400.0,146600.0
182300.0,191386.7
209200.0,248933.3
83300.0,169993.3
124200.0,154483.3
312500.0,177066.7
500001.0,484357.5
159700.0,180523.3
147500.0,201103.3
182100.0,176720.0
66000.0,76963.3
273000.0,173860.0
70600.0,83140.0
166100.0,189666.7
364500.0,356553.3
143100.0,165506.7
162500.0,224723.4
99200.0,98693.3
84900.0,121416.7
223700.0,229103.3
155300.0,157586.7
73200.0,93343.3
296600.0,266490.0
143200.0,153630.0
241300.0,198090.0
60900.0,91203.3
500001.0,342263.5
260900.0,243396.7
333800.0,326953.4
137500.0,181200.0
153800.0,126156.7
268800.0,200243.4
120200.0,113960.0
164200.0,157530.0
160200.0,153556.7
161100.0,149806.7
57700.0,79030.0
325500.0,330316.8
97200.0,113866.7
278500.0,257336.7
115100.0,139200.0
324600.0,357493.3
105000.0,126436.7
113300.0,156160.0
266000.0,209243.3
48000.0,55286.7
500001.0,466507.3
369800.0,322423.4
395100.0,348950.1
146400.0,194936.7
112500.0,207163.3
322200.0,283826.7
213200.0,209120.0
152900.0,215283.3
216900.0,211613.3
62400.0,66560.0
142000.0,197283.3
144800.0,147453.3
242700.0,162613.3
223900.0,225010.0
141400.0,153010.0
148800.0,138126.7
119000.0,123623.3
350600.0,329063.4
338400.0,343153.3
136700.0,141296.7
95700.0,102040.0
161900.0,186853.3
227800.0,225213.3
98300.0,163850.0
283600.0,296630.0
145500.0,176490.0
158500.0,158490.0
151000.0,184990.0
298400.0,258650.0
124100.0,95083.3
60400.0,91336.7
180400.0,147383.3
500001.0,366476.8
493200.0,183246.7
174000.0,139283.3
112500.0,121333.3
432500.0,435153.7
63400.0,87520.0
84400.0,92586.7
84000.0,92866.7
92400.0,121713.3
162500.0,139303.3
454100.0,310106.8
148100.0,178700.0
237000.0,189076.7
161000.0,151496.7
500001.0,439860.4
45300.0,55476.7
155500.0,186500.0
61300.0,60840.0
130400.0,145386.7
67500.0,65030.0
222500.0,240263.4
224000.0,196893.3
185100.0,201610.0
412500.0,334173.3
279500.0,276846.7
406700.0,349790.1
331800.0,422466.8
114500.0,121490.0
244700.0,354793.7
55000.0,162800.2
167800.0,213786.7
56500.0,50043.3
230000.0,241180.0
48600.0,71186.6
175000.0,168426.7
310700.0,342433.4
178000.0,198796.7
320500.0,313823.3
248100.0,263533.3
65200.0,80276.7
121300.0,135556.7
150600.0,147223.3
81100.0,77583.3
75900.0,80430.0
281300.0,222410.0
64900.0,95076.7
204700.0,187040.0
225800.0,258110.0
222600.0,231056.7
105600.0,103853.3
162500.0,234246.9
87500.0,95783.3
227500.0,256243.4
133300.0,169810.0
261800.0,247966.7
340500.0,392683.4
69000.0,69420.0
77500.0,98036.7
368400.0,442053.7
308600.0,339933.3
291500.0,287553.3
193800.0,212146.7
247100.0,270493.4
129200.0,87030.0
187500.0,314293.5
161800.0,144046.7
105400.0,134850.0
500001.0,483557.4
158000.0,197900.0
143400.0,108783.3
112500.0,82780.0
90500.0,100433.3
190600.0,187250.0
332500.0,209466.7
99400.0,119566.7
225000.0,81943.3
165500.0,226566.7
137500.0,165653.3
137500.0,140043.3
81000.0,104050.0
84300.0,112796.7
143800.0,218843.3
188500.0,201993.3
178100.0,219576.7
356500.0,297670.0
290200.0,336876.7
432800.0,299083.3
217300.0,234613.3
67500.0,94513.3
140800.0,190490.0
66000.0,89920.0
196900.0,150603.3
277800.0,286973.3
470800.0,322123.4
104900.0,98666.7
271500.0,236933.3
208100.0,210626.7
73300.0,81873.3
119900.0,222803.4
129200.0,130826.7
182100.0,205593.3
129900.0,155090.0
400000.0,193083.3
148500.0,167956.7
240000.0,202886.7
420000.0,303236.9
153100.0,170713.3
233300.0,147686.7
162500.0,130863.3
225000.0,256196.7
50800.0,54100.0
54400.0,78963.3
197500.0,200483.3
461200.0,371026.7
268800.0,261666.7
132000.0,90513.3
78800.0,95900.0
96700.0,132883.3
255100.0,286363.3
500001.0,500001.0
156400.0,154296.7
218700.0,244550.0
112800.0,125610.0
319000.0,314756.7
300000.0,248160.1
310500.0,253273.3
301100.0,261996.7
239400.0,194303.3
306800.0,340333.4
223700.0,179683.3
144100.0,125093.3
275900.0,333096.7
500001.0,461224.0
202300.0,241116.7
64800.0,87260.0
156600.0,179970.0
177800.0,190833.3
94500.0,128656.7
363500.0,438053.6
90200.0,76690.0
143800.0,193200.0
161200.0,197430.0
80200.0,80123.3
117400.0,147950.0
176100.0,158883.3
137500.0,158820.0
500001.0,378807.0
213000.0,242260.0
71400.0,96850.0
100300.0,102506.7
140700.0,147173.3
68200.0,67803.3
86500.0,81743.3
266700.0,313450.1
187500.0,173256.7
128000.0,155943.3
212500.0,90866.7
183300.0,171743.4
273000.0,294383.3
152100.0,153143.3
287300.0,358910.1
267200.0,278986.7
54000.0,72710.0
125400.0,131243.3
195400.0,198336.7
92400.0,82770.0
455500.0,426440.2
192400.0,197120.0
163200.0,178130.0
70100.0,74546.7
260000.0,211883.3
158300.0,135780.0
196400.0,242253.3
149300.0,119016.7
98000.0,106966.7
162500.0,179593.3
500001.0,365596.7
85600.0,142450.0
116400.0,115886.7
103000.0,98566.7
293800.0,318710.0
288500.0,328396.7
425000.0,326763.5
230400.0,236390.0
161600.0,136133.3
363700.0,335613.5
57100.0,57530.0
466700.0,487160.9
279100.0,245593.3
175400.0,202546.7
339700.0,318243.4
201800.0,145060.0
85700.0,97716.7
137500.0,212323.4
160900.0,232776.7
213200.0,156763.3
194100.0,212796.7
450000.0,443303.9
93100.0,98680.0
329200.0,300626.7
138100.0,164570.0
500001.0,359216.7
500001.0,324693.5
268200.0,294486.7
47100.0,53376.7
480800.0,282293.3
214800.0,189673.3
332400.0,329686.7
226900.0,201923.3
139800.0,196566.7
98900.0,117543.3
191900.0,173143.3
112500.0,94010.0
367300.0,433000.2
340600.0,315926.7
312100.0,282130.0
83300.0,82556.7
48500.0,54163.3
287200.0,293070.0
166700.0,172306.7
147800.0,159290.0
343900.0,241680.0
160300.0,161010.0
54200.0,116060.0
112500.0,196060.0
298300.0,246416.7
165800.0,164963.3
70000.0,118860.0
55500.0,59233.3
85000.0,88756.7
146100.0,114806.7
375000.0,220666.7
64000.0,74256.7
192600.0,221440.0
143100.0,124260.0
500001.0,436593.7
125000.0,251490.1
155000.0,146306.7
455900.0,453303.9
439100.0,366380.1
74100.0,70233.3
204800.0,245566.7
218100.0,253533.3
55000.0,88723.3
141300.0,139566.7
238900.0,235006.7
225000.0,222016.7
181300.0,145166.7
333600.0,352280.1
87500.0,86436.7
156800.0,189946.7
211500.0,216623.3
155500.0,161413.3
77200.0,85573.3
201300.0,224266.7
60500.0,52423.3
400000.0,447530.5
214700.0,256193.3
114300.0,131576.7
500001.0,467910.7
172700.0,159410.0
93400.0,90253.3
173800.0,169256.7
165300.0,205430.0
212500.0,195343.3
255300.0,234356.7
101900.0,80270.0
165500.0,171156.7
87200.0,115960.0
311900.0,313623.4
331200.0,299030.0
244100.0,186270.0
107200.0,122270.0
156300.0,162340.0
458300.0,359286.8
295900.0,365663.6
345900.0,282363.4
272800.0,281616.7
122600.0,122366.7
141600.0,155636.7
500001.0,300366.7
79800.0,109090.0
118800.0,130600.0
190700.0,218770.0
123800.0,132630.0
89400.0,82443.3
72500.0,95850.0
175900.0,154010.0
275700.0,294976.7
341200.0,221803.3
73500.0,75016.7
174600.0,139666.7
192100.0,181633.3
332100.0,291073.4
268800.0,321096.7
151100.0,150406.7
246000.0,279520.1
184100.0,210633.3
300000.0,401163.5
189800.0,241236.7
362300.0,310383.3
99600.0,139883.3
208000.0,200566.7
460200.0,394186.9
174100.0,166650.0
366200.0,409946.9
93500.0,123716.7
269000.0,334123.4
250000.0,218493.4
142600.0,146693.3
285000.0,242473.3
452100.0,407280.0
386400.0,329803.4
162500.0,193360.0
275000.0,253216.7
126400.0,155910.0
330700.0,364983.3
202700.0,217700.0
107800.0,124220.0
500001.0,500001.0
274600.0,292046.7
133600.0,145250.0
229300.0,295320.0
224200.0,218760.0
500001.0,483707.5
51900.0,69820.0
314200.0,341980.1
102300.0,116460.0
166200.0,170320.0
165600.0,267200.1
485400.0,301110.1
79700.0,86136.7
500001.0,491280.9
213200.0,201390.0
235800.0,282056.7
175200.0,187390.0
120100.0,169923.3
293800.0,363926.8
90800.0,95883.3
277700.0,313036.7
106300.0,229333.5
118800.0,101776.7
500001.0,452310.5
313300.0,254766.7
500001.0,500001.0
350000.0,214316.7
111400.0,137823.3
191700.0,196613.3
224600.0,278516.7
162500.0,283860.2
140600.0,90043.3
157600.0,167696.7
81300.0,106290.0
132500.0,112860.0
110300.0,89620.0
84200.0,92083.3
80600.0,81773.3
201300.0,193233.3
314900.0,333383.4
141700.0,138923.3
162200.0,159956.7
153900.0,163846.7
500001.0,500001.0
241200.0,294503.3
68200.0,70903.3
162500.0,226900.1
230900.0,232420.0
169800.0,242410.0
120800.0,129530.0
229300.0,233103.3
112300.0,116753.3
233100.0,196786.7
123200.0,113790.0
218800.0,242960.0
123800.0,85473.3
158300.0,126970.0
199600.0,189233.3
152800.0,102510.0
190500.0,174203.3
305200.0,306593.4
500001.0,460080.5
134500.0,144506.7
166100.0,169196.7
143500.0,135673.3
138000.0,199053.4
307400.0,363593.4
137500.0,172343.3
130000.0,124840.0
128800.0,166920.0
313800.0,282836.7
174200.0,212983.3
476400.0,489640.8
175200.0,230190.0
104200.0,94460.0
123600.0,149303.3
188800.0,192490.0
500001.0,459103.7
128800.0,133293.3
130700.0,149863.3
179200.0,254586.7
113900.0,158836.7
345900.0,320766.9
500001.0,464950.7
321800.0,432240.3
86100.0,107356.7
146000.0,140543.3
209700.0,197763.3
287100.0,313943.3
399200.0,436503.6
166700.0,157346.7
139700.0,154876.7
81100.0,101940.0
247600.0,249686.7
142200.0,184280.0
140100.0,108863.3
276200.0,244546.7
213400.0,194000.0
401900.0,315483.3
88600.0,157920.0
139700.0,184960.0
72700.0,86880.0
439000.0,309686.7
288200.0,248693.3
125900.0,210990.0
65000.0,73443.3
237500.0,207826.7
177600.0,184056.7
283100.0,248493.3
257900.0,316810.1
253900.0,229400.0
129300.0,133866.7
274600.0,304666.7
73500.0,88096.7
105200.0,95650.0
279900.0,254086.7
500001.0,473673.8
81300.0,93090.0
260300.0,164820.0
90000.0,92463.3
250000.0,218383.3
200000.0,238180.0
151000.0,227303.4
88200.0,102413.3
312500.0,278206.7
215300.0,144566.7
236500.0,244710.0
500001.0,500001.0
275000.0,175153.4
141200.0,138310.0
170600.0,167516.7
136900.0,183236.7
191300.0,176020.0
118000.0,129756.7
198100.0,264086.7
101900.0,107330.0
149500.0,118250.0
217300.0,211010.0
87500.0,173740.0
166100.0,154270.0
92500.0,75853.3
162500.0,121380.0
293800.0,372696.8
160700.0,210820.0
158200.0,153150.0
163000.0,245500.0
166300.0,159936.7
217900.0,261930.0
105600.0,90040.0
105500.0,134363.3
258800.0,239420.0
53100.0,53426.6
119200.0,72236.7
83100.0,86653.3
200300.0,193633.3
299400.0,301766.7
104000.0,100570.0
71000.0,82680.0
189600.0,206116.7
164800.0,156296.7
133000.0,149280.0
79900.0,93543.3
232800.0,193580.0
245800.0,198910.0
69000.0,82016.7
346900.0,356826.7
329800.0,351390.0
110800.0,108800.0
163000.0,192750.0
459600.0,353843.4
225000.0,294083.6
100000.0,68313.3
320800.0,357080.2
327300.0,352676.7
81200.0,84626.7
252600.0,213136.7
244600.0,244216.7
245800.0,254086.8
203300.0,166026.7
244400.0,189580.0
500001.0,474767.0
284800.0,365936.7
170400.0,150390.0
107000.0,96280.0
216000.0,208740.0
110800.0,130466.7
265200.0,327670.1
209000.0,226730.0
179200.0,201190.0
160200.0,214110.0
308800.0,283253.4
159800.0,169060.0
169300.0,160270.0
162500.0,225576.7
250000.0,164856.7
144000.0,139226.7
126700.0,132196.7
162500.0,165040.1
104200.0,108200.0
248700.0,248673.3
257500.0,246186.7
237300.0,198670.0
375700.0,324636.7
450000.0,405150.3
260100.0,277973.4
500001.0,420800.3
142000.0,139863.3
161500.0,132286.7
113600.0,118093.3
135400.0,207726.7
131300.0,166890.0
212300.0,212100.0
265800.0,242943.3
268400.0,210573.3
274200.0,301643.3
253600.0,173546.7
500001.0,496554.3
225600.0,172173.3
290900.0,218000.0
225000.0,284943.5
245000.0,244480.0
365600.0,257530.0
138200.0,106323.3
252600.0,239186.7
134200.0,168780.0
261100.0,269436.7
140100.0,144513.3
350000.0,445920.3
113400.0,132970.0
183200.0,132843.3
189900.0,168360.0
87500.0,51336.6
48000.0,59470.0
86300.0,92346.7
173300.0,186616.7
150900.0,158623.3
228500.0,243230.0
55000.0,141733.3
216900.0,179966.7
218300.0,242173.3
143300.0,202606.7
158300.0,158823.3
229200.0,267420.0
500001.0,497674.3
165500.0,224626.7
186500.0,164803.3
285400.0,221866.7
181800.0,175026.7
148100.0,159830.0
225000.0,307250.1
208200.0,247570.0
140500.0,167420.0
125000.0,76783.3
86700.0,96676.7
197700.0,248530.0
195300.0,280690.0
118800.0,111480.0
167700.0,127530.0
182600.0,108746.7
164200.0,158023.3
350000.0,328816.7
128400.0,159133.3
196600.0,208526.7
207000.0,205526.7
154800.0,189000.0
143500.0,203850.0
112500.0,109700.0
204100.0,242193.3
57400.0,48986.7
500001.0,372993.7
264500.0,258523.3
91200.0,105973.3
153800.0,211376.7
107000.0,126016.7
500001.0,467093.9
320800.0,274536.7
88900.0,95460.0
273000.0,198710.0
285400.0,232316.7
93300.0,109296.7
100000.0,157070.0
198300.0,257280.0
274200.0,328726.7
131300.0,136083.3
169800.0,156676.7
246400.0,291023.3
119800.0,128510.0
500001.0,409820.3
277300.0,247140.0
255200.0,250493.3
178100.0,205100.0
225000.0,248216.7
175000.0,122620.0
74300.0,104346.7
159600.0,160596.7
409600.0,433720.4
330200.0,334440.0
281100.0,376316.7
182100.0,165380.0
126000.0,125960.0
309300.0,265546.7
175300.0,181066.7
350000.0,393567.0
288400.0,198076.7
153600.0,122823.3
225000.0,86886.7
63100.0,64903.3
182700.0,264250.0
500001.0,447213.7
328800.0,416757.0
326700.0,262636.7
325900.0,328686.7
146100.0,192106.7
126600.0,99096.7
111300.0,110530.0
152200.0,151996.7
79200.0,89530.0
137500.0,144753.3
158500.0,143676.7
299200.0,346450.0
272000.0,298756.7
280400.0,342866.7
97000.0,109910.0
169200.0,231683.3
314000.0,328553.4
284100.0,316990.2
65200.0,66173.3
55400.0,67836.7
500001.0,409933.5
375000.0,422300.2
282000.0,289520.0
81800.0,111243.3
235900.0,260580.0
221100.0,160393.3
107800.0,88940.0
142400.0,152526.7
244400.0,241810.0
213300.0,194490.0
202500.0,153653.3
212100.0,197516.7
147000.0,128233.3
93300.0,106326.7
146000.0,129636.7
182000.0,188246.7
101400.0,102563.3
63700.0,73776.7
203800.0,197090.0
65300.0,81273.3
121300.0,154926.7
500001.0,324166.7
231300.0,207616.7
187500.0,163766.7
51800.0,75866.7
98500.0,152426.7
81500.0,87163.3
132800.0,209760.0
321100.0,306496.7
80500.0,84576.7
124700.0,122326.7
217900.0,216143.3
230600.0,196710.0
244400.0,195840.0
80000.0,118443.3
181900.0,172666.7
165100.0,168766.7
286900.0,255740.0
328900.0,239380.0
500001.0,264013.4
86500.0,120400.0
178900.0,246756.7
142800.0,165536.7
152200.0,164523.3
122400.0,142803.3
57000.0,74476.7
221100.0,205780.0
173100.0,192613.3
115400.0,129160.0
97000.0,92830.0
255000.0,227420.0
401800.0,421366.7
55000.0,178533.6
132100.0,112630.0
130400.0,142526.7
197700.0,192236.7
159400.0,188746.7
67500.0,159806.7
176700.0,170516.7
170800.0,157113.3
272800.0,298733.3
137500.0,254976.7
419900.0,422813.4
269300.0,260546.7
237200.0,197353.3
250000.0,151056.7
148000.0,143143.3
120500.0,113473.3
193800.0,208716.7
129300.0,147090.0
91000.0,114963.3
500001.0,476380.7
110400.0,137540.0
298200.0,314046.7
286800.0,265030.0
241800.0,227016.7
85100.0,104533.3
350000.0,168520.0
290000.0,248010.0
215500.0,215460.0
243800.0,209636.7
95500.0,97503.3
179900.0,176030.0
281300.0,263553.4
264400.0,177886.7
50800.0,53233.3
270600.0,193710.0
325000.0,275750.1
165100.0,160870.0
307800.0,302360.0
181300.0,133243.3
199300.0,169013.3
110900.0,128290.0
133300.0,135560.0
127600.0,156286.7
281300.0,330270.0
450000.0,218560.2
216700.0,207466.7
115500.0,148730.0
61000.0,77410.0
210300.0,204576.7
162400.0,183680.0
91700.0,97400.0
166000.0,204990.0
73500.0,98690.0
261300.0,205440.1
168600.0,184683.3
500001.0,314083.6
336900.0,334163.4
145800.0,147746.7
54800.0,50366.7
101400.0,109646.7
233000.0,260883.4
266400.0,230570.0
334600.0,321893.4
500001.0,475780.6
84700.0,75563.3
500001.0,450457.1
159400.0,169083.3
274700.0,260623.3
191300.0,245460.0
358700.0,307566.7
214300.0,204716.7
290100.0,206993.3
98200.0,102373.3
72500.0,82960.0
127900.0,140293.3
91700.0,82290.0
163900.0,190200.0
135200.0,144940.0
109400.0,95913.3
182400.0,182630.0
87500.0,135983.3
213900.0,189986.7
195200.0,195650.0
120900.0,153403.3
108300.0,132583.3
352300.0,227330.0
156600.0,157156.7
227100.0,258686.7
168800.0,144370.0
310100.0,298873.3
219000.0,186120.0
120700.0,140463.3
456300.0,463043.9
275000.0,291373.4
70000.0,98313.3
273600.0,295173.3
62000.0,70570.0
286200.0,402010.2
150900.0,158630.0
56700.0,63203.3
400000.0,374043.5
162900.0,169810.0
122000.0,157926.7
113200.0,185843.4
279900.0,336283.3
106300.0,62706.7
89200.0,103176.7
179400.0,182276.7
434400.0,433223.7
204100.0,232433.3
257200.0,185146.7
368900.0,370080.1
251800.0,218946.7
80300.0,106836.7
161300.0,206633.3
130800.0,147726.7
257400.0,264133.3
272600.0,267523.3
112500.0,308133.6
229400.0,215783.3
318500.0,329173.4
69900.0,73443.3
57500.0,122716.7
129200.0,176660.0
150400.0,181500.0
370800.0,237303.4
315600.0,313520.0
425500.0,291773.4
150000.0,116016.7
53000.0,58326.7
456300.0,276863.3
277800.0,219943.3
140000.0,127876.7
112500.0,258786.7
183000.0,202110.0
94800.0,120486.7
141400.0,152333.3
85500.0,84916.7
250000.0,159823.3
251500.0,267416.7
176800.0,169906.7
316500.0,354980.0
194400.0,189080.0
352100.0,359946.8
242700.0,154736.7
118300.0,114520.0
362500.0,191583.3
162500.0,214876.8
158500.0,173433.3
285800.0,334030.0
167400.0,120946.7
284700.0,263223.3
198400.0,212370.0
259800.0,255310.0
179300.0,188590.0
184300.0,157803.3
146600.0,204303.3
144000.0,84143.3
93200.0,119083.3
121400.0,136360.0
46200.0,60763.3
240500.0,247593.4
152100.0,151103.3
229600.0,218046.7
161900.0,196496.7
256800.0,272520.0
337500.0,286980.0
138900.0,150823.3
96000.0,109363.3
270900.0,355870.1
135700.0,130100.0
334900.0,394993.5
97300.0,164183.3
115000.0,128843.3
492300.0,409726.9
225000.0,197186.7
138800.0,161103.3
187800.0,213660.0
500001.0,426796.9
290700.0,278616.7
181500.0,245943.3
72300.0,88036.7
61500.0,62530.0
131500.0,150250.0
37500.0,181286.7
83500.0,94400.0
340600.0,286436.7
220900.0,242820.0
96900.0,80736.6
158300.0,214240.0
123300.0,153113.3
88900.0,103333.3
295000.0,284323.4
207000.0,189676.7
363200.0,313853.3
179100.0,223740.0
147800.0,158510.0
294400.0,253893.4
162800.0,164260.0
130800.0,118513.3
359600.0,367566.8
156800.0,134790.0
282700.0,276720.0
109000.0,141093.4
185300.0,186476.7
204100.0,246563.4
94700.0,106480.0
207000.0,259563.4
162500.0,193783.3
61500.0,80156.7
102100.0,99526.7
107500.0,170416.7
192900.0,197950.0
185000.0,215120.0
95300.0,89340.0
500001.0,500001.0
125900.0,150910.0
500001.0,314136.7
181400.0,182203.3
213200.0,215156.7
304100.0,263586.7
262500.0,235520.0
82800.0,144210.0
283300.0,227533.4
266700.0,297316.7
156300.0,113710.0
127000.0,108200.0
154200.0,140556.7
98400.0,138210.0
110600.0,108660.0
156900.0,173740.0
201200.0,195166.7
190600.0,137493.3
325500.0,270283.3
229200.0,308976.7
230800.0,196090.0
330900.0,345230.1
456900.0,472660.4
229700.0,235933.3
42500.0,80276.7
103900.0,95853.3
168700.0,238380.0
189300.0,223453.3
190200.0,261860.0
435200.0,315726.7
143800.0,153706.7
116400.0,131673.3
150700.0,202493.3
144600.0,153913.3
170700.0,166246.7
289300.0,311673.5
208300.0,158276.7
196400.0,222843.3
113700.0,177376.7
284800.0,187823.3
312500.0,177163.3
212500.0,192996.7
270800.0,332406.8
150000.0,161816.7
94900.0,88273.3
147500.0,143940.0
200000.0,220456.7
144500.0,147456.7
242400.0,223730.0
75800.0,85526.7
183900.0,265130.0
165500.0,163676.7
446800.0,445927.1
133600.0,150050.0
126000.0,136663.3
318200.0,363903.4
332800.0,348903.4
58000.0,79653.3
200000.0,191736.7
210900.0,190856.7
112500.0,115523.3
76600.0,130976.7
220600.0,241120.0
225000.0,246643.3
65600.0,79883.3
128100.0,138276.7
114300.0,122203.3
162100.0,207410.0
137500.0,218073.3
222800.0,259896.7
156300.0,145990.0
218700.0,199176.7
187700.0,151963.3
356200.0,398103.4
500001.0,477747.3
234000.0,264390.0
500001.0,469417.2
137500.0,169800.0
410300.0,459070.7
55300.0,62353.3
160600.0,177773.3
234200.0,246063.3
302900.0,303943.3
269600.0,170183.3
70900.0,85570.0
158900.0,203530.0
269400.0,241030.0
213500.0,224726.7
182100.0,144823.3
222400.0,283730.1
168400.0,179530.0
163100.0,170040.0
212900.0,250330.0
156300.0,181823.3
187500.0,253853.5
500001.0,371356.9
123500.0,116753.3
32500.0,158846.7
173000.0,198833.3
156900.0,155623.3
110400.0,56706.7
180800.0,153490.0
255900.0,209963.3
106200.0,106186.7
199700.0,177656.7
236500.0,257146.7
345700.0,298473.5
215400.0,242273.3
190000.0,173443.3
149700.0,151690.0
112900.0,98773.3
500001.0,492017.6
369700.0,335036.7
214000.0,187573.3
95700.0,97730.0
74000.0,116610.0
140400.0,191380.0
140600.0,170613.3
69800.0,108163.3
88900.0,160553.3
378100.0,381986.8
293900.0,234333.4
189900.0,177233.4
128100.0,123000.0
329500.0,312040.0
177500.0,225343.3
255200.0,225563.3
103100.0,96726.7
500001.0,429240.4
500001.0,473740.5
122500.0,122843.3
132500.0,124923.3
174100.0,205563.3
280800.0,286650.0
172900.0,212340.0
160200.0,143753.3
90000.0,86440.0
189000.0,247493.4
332400.0,376253.7
146000.0,152690.0
135500.0,157053.3
226100.0,261960.1
135500.0,135390.0
155900.0,132150.0
49800.0,55916.7
93500.0,72553.3
209600.0,245296.7
195900.0,210893.3
289300.0,318896.7
155500.0,156830.0
432400.0,442883.8
214700.0,193573.3
146700.0,128696.7
299400.0,293176.7
328100.0,332256.7
145600.0,160380.0
231800.0,223420.0
101300.0,103930.0
249100.0,265473.4
218200.0,225460.0
75000.0,175386.7
191300.0,198053.3
117600.0,119933.3
73800.0,95756.7
101600.0,87616.7
204800.0,251613.3
296800.0,283773.5
293200.0,381100.1
350000.0,343126.7
229100.0,254790.0
266100.0,267190.0
80000.0,165046.8
397800.0,362830.0
258300.0,238173.3
210400.0,242666.7
164600.0,157183.3
500001.0,217886.7
132500.0,144206.7
82100.0,85603.3
321300.0,309600.0
232500.0,358360.1
67000.0,68703.3
417000.0,400363.6
356600.0,339136.7
500001.0,494080.8
325000.0,396160.2
299100.0,272203.3
469100.0,453907.2
210000.0,161370.0
270500.0,230736.7
131000.0,131720.0
195100.0,230916.7
169800.0,154766.7
197600.0,176170.0
186800.0,193213.3
93800.0,116990.0
247700.0,206393.3
140300.0,191533.3
500001.0,496214.2
73800.0,164183.3
83000.0,84450.0
173400.0,200990.0
131000.0,130733.3
98200.0,110646.7
76900.0,89216.7
167600.0,177550.0
67200.0,97490.0
240000.0,233090.0
425900.0,331426.7
242800.0,263943.3
105000.0,118336.7
240100.0,234700.0
202700.0,255230.0
368300.0,344286.8
269900.0,227440.0
93200.0,112386.7
252300.0,293866.7
346100.0,282910.0
175000.0,193090.0
321300.0,342836.7
171900.0,180766.7
158500.0,180300.1
227900.0,251446.7
70000.0,84643.3
411300.0,380800.1
211700.0,256043.3
410700.0,313050.1
190600.0,196446.7
133100.0,176050.0
175000.0,198356.7
224900.0,240830.0
86900.0,123830.0
145500.0,174940.0
222500.0,258766.7
126500.0,145513.3
216100.0,200343.3
230400.0,263976.7
137400.0,171270.0
205600.0,159206.7
75000.0,160533.3
114100.0,116116.7
161300.0,190303.3
121600.0,158910.0
436600.0,399766.8
232700.0,181803.3
225800.0,247046.7
180300.0,204526.7
239700.0,198230.0
118800.0,138046.7
117000.0,129210.0
159700.0,149120.0
111500.0,125423.3
82200.0,93483.3
47500.0,81200.0
69100.0,83286.7
220700.0,208733.3
287500.0,334323.4
279400.0,313540.0
122500.0,104853.3
125500.0,145670.0
123700.0,146103.3
184600.0,166806.7
141400.0,130006.7
381200.0,363906.8
370100.0,319350.0
219400.0,92553.3
239300.0,210570.0
335900.0,338426.7
80400.0,116600.0
289600.0,283603.3
179400.0,239003.3
238700.0,266466.7
353100.0,259776.7
142600.0,139920.0
85400.0,90400.0
117000.0,119750.0
284100.0,280420.1
193000.0,300006.7
71400.0,97310.0
368900.0,364583.5
108500.0,135796.7
170200.0,166316.7
300000.0,304216.8
177000.0,114573.3
346100.0,342420.0
451500.0,347633.4
242100.0,202690.0
153300.0,151663.4
373100.0,366813.5
329800.0,412743.6
500001.0,483770.8
416700.0,397190.1
162100.0,170370.0
500001.0,427630.3
187500.0,127223.3
94800.0,139053.3
231900.0,249580.0
81300.0,80140.0
135500.0,142430.0
194800.0,185290.0
225000.0,251833.3
67500.0,76590.0
147900.0,202353.4
433300.0,301136.8
116100.0,150076.7
219900.0,243230.0
382400.0,374820.1
500001.0,457857.0
351100.0,301113.4
60600.0,65390.0
108300.0,96716.7
184000.0,229513.3
59800.0,63253.3
127000.0,140393.3
112500.0,84093.3
22500.0,108933.3
301100.0,334020.1
114600.0,191203.3
92400.0,97393.3
92600.0,88236.7
106300.0,155513.3
236200.0,236063.3
394200.0,426746.7
83400.0,122200.0
164200.0,161256.7
228500.0,262850.0
52300.0,69376.7
195200.0,208756.7
294300.0,328520.0
241000.0,212500.0
156100.0,162010.0
114900.0,119846.7
104400.0,117616.7
225000.0,215203.3
162400.0,156836.7
172900.0,190940.0
93300.0,132736.7
271300.0,286683.4
134900.0,184650.0
190700.0,203276.7
166200.0,181736.7
200000.0,232073.3
73700.0,70923.3
134600.0,122603.3
121000.0,140150.0
191900.0,181196.7
154600.0,163076.7
114100.0,128176.7
128500.0,159273.3
339100.0,378303.6
233700.0,202306.7
500001.0,404066.8
77500.0,90286.7
62300.0,77636.7
223300.0,219670.0
238300.0,270470.0
127700.0,165063.3
82800.0,100186.7
140600.0,138460.0
330100.0,313813.4
223900.0,231926.7
213000.0,185326.7
95300.0,110546.7
122500.0,125773.3
316700.0,236016.7
104900.0,117586.7
500001.0,316620.0
500001.0,412583.5
161400.0,176780.0
179800.0,231483.3
177900.0,128303.3
148000.0,109360.0
400000.0,301966.7
241400.0,245210.0
58500.0,64090.0
500001.0,478937.3
48300.0,59686.7
259500.0,223080.0
145600.0,143913.3
100800.0,93090.0
224200.0,236490.0
196400.0,222990.0
67300.0,72386.7
195400.0,219596.7
274000.0,311740.0
221700.0,202560.0
151900.0,156390.0
138100.0,87540.0
214100.0,197456.7
170300.0,228943.3
327900.0,306520.0
273800.0,233300.0
500001.0,450513.9
372700.0,431993.6
42700.0,55553.3
214800.0,206433.3
72500.0,62896.7
160800.0,159720.0
220800.0,205443.3
390500.0,386537.0
202000.0,190383.3
173600.0,175256.7
134000.0,110093.3
62300.0,78786.7
500001.0,279536.7
348900.0,322186.7
250800.0,290793.3
385200.0,360140.1
269100.0,277610.0
152900.0,149513.3
94600.0,97580.0
185800.0,223683.3
168800.0,218320.0
405800.0,411813.5
162700.0,164500.0
176900.0,176930.0
225000.0,209230.0
161700.0,223540.0
148100.0,150146.7
306400.0,353373.5
500001.0,356613.4
275700.0,269193.3
187300.0,248793.4
61600.0,56396.7
272400.0,309543.3
73200.0,82330.0
239500.0,222113.3
108900.0,168350.0
162500.0,181470.0
369300.0,317230.0
214000.0,231476.7
313100.0,290826.7
138900.0,164216.7
65600.0,84983.3
159900.0,228586.7
53900.0,94300.0
242000.0,264760.1
183100.0,191813.3
181400.0,181806.7
177500.0,169250.0
158400.0,175550.0
142300.0,117506.7
117300.0,149480.0
187500.0,148873.3
292300.0,247370.0
240200.0,201583.3
320600.0,326150.0
190300.0,182630.0
335600.0,306583.4
224400.0,262723.3
275000.0,240523.4
500001.0,186203.4
71300.0,160073.4
261400.0,296386.7
178600.0,167936.7
354300.0,313773.4
159200.0,183143.3
500000.0,485217.5
364300.0,397070.2
305300.0,288080.0
98900.0,87726.7
54400.0,81236.7
265000.0,250156.7
125000.0,100696.7
80000.0,127266.7
350000.0,149903.3
204500.0,297293.4
398600.0,381190.2
441100.0,385173.5
114800.0,101013.3
94100.0,103770.0
210300.0,194090.0
500000.0,438003.8
190300.0,182236.7
141200.0,201366.7
55000.0,69580.0
190300.0,269943.3
222400.0,240303.4
63500.0,82903.3
279200.0,242293.3
144800.0,144850.0
171000.0,197510.0
250000.0,160053.3
190400.0,199793.3
193200.0,191283.3
225000.0,218650.0
261000.0,326673.4
116700.0,114313.3
78200.0,91896.7
229000.0,218196.7
110700.0,117636.7
117800.0,144463.3
133700.0,134380.0
213300.0,180100.0
179200.0,167963.3
77100.0,93660.0
205000.0,224930.0
152500.0,153153.3
76400.0,64736.7
105000.0,75370.0
216400.0,218313.3
353600.0,422520.2
86400.0,95926.7
219700.0,218183.3
275000.0,351353.4
106900.0,118306.7
55200.0,75223.3
275000.0,324683.5
130400.0,157336.7
259400.0,230410.0
98700.0,107026.7
166700.0,186736.7
153600.0,186106.7
120000.0,128380.0
202800.0,190936.7
178000.0,185810.0
143500.0,177303.3
125200.0,177210.0
114000.0,141333.3
164400.0,184766.7
260300.0,225870.0
316900.0,288036.7
145500.0,166423.4
144100.0,178853.3
133300.0,157083.3
231600.0,247593.3
94600.0,90623.3
96400.0,124680.0
495900.0,444240.3
290000.0,267210.0
181400.0,219986.7
93800.0,188420.0
178400.0,223200.0
143800.0,142686.7
197400.0,200646.7
156500.0,165653.3
249400.0,208623.3
148400.0,223406.7
77300.0,90350.0
221800.0,264546.7
63800.0,82320.0
372200.0,407536.8
183700.0,213763.3
396800.0,350623.4
118800.0,104950.0
55100.0,52930.0
379300.0,400496.9
267900.0,360810.1
216700.0,218810.0
294100.0,367890.2
185700.0,188733.3
90400.0,95426.7
127000.0,169730.0
127800.0,152133.3
167400.0,138040.0
87500.0,338790.1
175000.0,187650.0
256000.0,273693.4
65800.0,69243.3
245700.0,276736.7
132600.0,112816.7
125000.0,90576.7
93400.0,115386.7
141400.0,175876.7
260700.0,210796.7
103400.0,101666.7
105400.0,121066.7
307000.0,331890.0
181800.0,146800.0
500001.0,461980.7
247600.0,284160.0
159600.0,229853.3
121900.0,102460.0
56100.0,61206.7
142500.0,171600.0
380000.0,412353.6
93800.0,101060.0
80300.0,85086.7
225000.0,217210.0
101800.0,222480.0
114400.0,122593.3
72700.0,73876.7
126600.0,108956.7
104200.0,123913.3
229100.0,259570.0
189700.0,124906.7
246100.0,309603.4
375000.0,398766.9
274500.0,335370.1
427300.0,301266.7
367800.0,372840.1
94100.0,106460.0
137000.0,130386.7
405200.0,431920.2
72400.0,80836.7
375000.0,351740.1
500001.0,466183.9
52800.0,99566.7
162000.0,178353.3
128500.0,129503.3
194800.0,190983.3
122900.0,123130.0
183900.0,207053.3
161300.0,173346.7
319700.0,339146.7
208100.0,179196.7
500001.0,416543.6
94200.0,77973.3
209400.0,214273.3
155400.0,161810.0
335700.0,247690.0
59100.0,82636.7
299600.0,315633.4
138100.0,147050.0
297900.0,270273.3
196700.0,200346.7
63000.0,57970.0
213900.0,227206.7
98000.0,113096.7
97600.0,95780.0
500001.0,400786.9
132800.0,123123.3
95000.0,114140.0
173700.0,184900.0
500001.0,454413.9
123800.0,124413.3
310600.0,308603.3
201600.0,222496.7
143500.0,148443.3
184600.0,168203.3
72500.0,72080.0
135500.0,146743.3
51700.0,50916.7
150100.0,144430.0
93200.0,129116.7
49300.0,54950.0
67500.0,227720.0
265200.0,321636.7
500001.0,478670.7
392800.0,332236.7
182800.0,194896.7
105100.0,102450.0
59100.0,70690.0
67000.0,75783.3
267400.0,271216.7
211000.0,245370.0
349600.0,368260.1
469400.0,491597.6
310900.0,278346.7
350000.0,305863.4
139400.0,140810.0
63900.0,66653.3
87500.0,251393.3
112000.0,115633.3
483300.0,437570.3
140400.0,169596.7
500001.0,387306.9
240400.0,265063.3
60800.0,59290.0
107700.0,97176.7
275000.0,291050.0
253300.0,219290.0
97700.0,92383.3
175000.0,176603.4
386400.0,390683.5
71500.0,72973.3
500001.0,378110.1
290400.0,294700.0
53900.0,58430.0
162500.0,145716.7
500001.0,396460.3
300000.0,146056.7
187500.0,251013.5
58200.0,73360.0
110600.0,102670.0
340400.0,282936.7
225000.0,98836.7
139400.0,200153.4
93100.0,143266.7
219200.0,221400.0
100000.0,223600.0
172200.0,162870.0
155200.0,179103.3
212600.0,227113.3
183800.0,182803.3
68300.0,134106.7
217600.0,198133.3
500001.0,498047.6
250000.0,386806.9
56100.0,102180.0
114800.0,120013.3
334400.0,385943.4
210400.0,218263.4
500001.0,490410.8
169600.0,160460.0
500001.0,488824.0
475000.0,297403.4
90300.0,101866.7
450000.0,229266.7
332500.0,273160.0
200000.0,81876.7
326400.0,348700.0
61200.0,63950.0
187500.0,351140.4
369100.0,336473.3
232900.0,243796.7
90800.0,89556.7
230900.0,239646.7
139900.0,169883.3
164700.0,188010.0
275000.0,347816.8
500001.0,471420.6
58800.0,65316.7
303000.0,262643.3
451300.0,392240.2
347600.0,306750.0
60900.0,78236.7
137900.0,156950.0
108600.0,94893.3
204200.0,228783.3
105800.0,114976.7
194100.0,247006.7
183800.0,243620.0
174400.0,174786.7
120600.0,182566.7
93600.0,96220.0
312700.0,294083.3
276300.0,258630.0
329300.0,370163.5
134200.0,143836.7
60200.0,65653.3
355000.0,345113.4
163900.0,181603.3
193800.0,206013.4
375400.0,454283.9
91900.0,118153.3
116700.0,84830.0
140200.0,183010.0
30000.0,77883.3
224700.0,212410.0
500001.0,475960.8
426800.0,477870.7
270000.0,205440.0
120700.0,159060.0
93800.0,140610.0
103100.0,101120.0
103900.0,135810.0
53400.0,51223.3
193200.0,182193.3
428600.0,400083.4
72000.0,178970.0
481500.0,475683.8
248100.0,221336.7
207300.0,215206.7
408500.0,415156.8
308300.0,287900.0
234800.0,241910.0
500001.0,460164.0
141700.0,162216.7
500001.0,471327.3
109600.0,132630.0
362500.0,227800.0
198400.0,197880.0
185200.0,190333.3
135300.0,150090.0
162300.0,155370.0
209300.0,209006.7
220900.0,218783.4
218100.0,252316.7
114100.0,127326.7
208600.0,249320.0
116700.0,116380.0
417300.0,364563.6
261500.0,295383.3
500001.0,473354.0
170000.0,163333.3
436100.0,315873.3
91700.0,86763.3
90400.0,97690.0
249000.0,298206.7
308800.0,376730.1
500001.0,350446.7
219000.0,314120.1
127900.0,149396.7
90600.0,146603.3
352100.0,302053.4
192500.0,269656.8
193000.0,199066.7
140000.0,132706.7
500001.0,489027.6
113600.0,137153.3
202300.0,261456.7
98300.0,107170.0
75900.0,87656.7
183000.0,194066.7
94300.0,86700.0
141500.0,158426.7
112500.0,126726.7
124100.0,138043.3
293500.0,401433.6
266700.0,271886.7
70100.0,91240.0
331400.0,350586.7
70300.0,84523.3
407200.0,336416.7
262000.0,311616.7
162500.0,191930.0
173600.0,188596.7
43000.0,59823.3
342900.0,312003.4
500001.0,387723.6
85700.0,65470.0
261800.0,252596.7
83000.0,75466.7
144100.0,153283.3
120500.0,124026.7
77900.0,91990.0
189100.0,188773.3
71800.0,82563.3
67900.0,84900.0
138500.0,228766.7
75000.0,115460.0
138000.0,152176.7
131300.0,161570.0
109100.0,136330.0
260500.0,283783.3
230600.0,237706.7
137500.0,167006.7
210900.0,184663.3
95500.0,115270.0
150800.0,162816.7
286400.0,272910.0
157300.0,144106.7
157700.0,137003.3
450000.0,278183.3
189600.0,191516.7
144600.0,176203.3
417800.0,442793.6
307100.0,255306.7
287700.0,343140.1
206300.0,205336.7
388200.0,392846.9
46700.0,63256.7
158300.0,148246.7
334300.0,363206.7
227800.0,222563.3
52500.0,96680.0
347400.0,324926.7
143300.0,204636.7
65800.0,108043.3
94200.0,82383.3
124500.0,91380.0
142600.0,182863.3
500001.0,266406.8
50000.0,75463.3
172400.0,181820.0
244400.0,199043.4
69600.0,91296.7
94400.0,108456.7
256600.0,172443.3
100000.0,107020.0
180000.0,142156.7
88800.0,120826.7
345000.0,350653.5
105400.0,95843.3
222900.0,248070.0
196400.0,205756.7
128600.0,119603.3
325000.0,340756.7
71300.0,99290.0
281900.0,321870.0
220600.0,246250.0
275000.0,257356.8
133700.0,148953.3
164600.0,174486.7
186300.0,184890.0
129700.0,158443.4
195800.0,229500.0
341700.0,318090.1
146400.0,210146.7
157700.0,176696.7
123800.0,163226.7
72300.0,75630.0
472000.0,476824.0
84700.0,69276.7
80100.0,79813.3
296300.0,300723.3
173200.0,167306.7
333300.0,177690.0
173800.0,159953.3
133500.0,163653.3
112500.0,280613.6
138800.0,109543.3
216900.0,135596.7
290000.0,346316.8
70600.0,74503.3
164600.0,206710.0
158300.0,163496.7
422200.0,256910.1
183300.0,221686.9
257300.0,298420.1
61900.0,69600.0
217600.0,200686.7
137800.0,131400.0
228900.0,213356.7
297300.0,263700.0
98700.0,80776.7
279800.0,254340.0
339000.0,366473.4
186900.0,223416.7
353900.0,378150.1
218800.0,278410.0
199800.0,200140.0
315000.0,350233.4
152800.0,214166.7
243400.0,247910.0
212900.0,214840.0
335100.0,370246.7
151400.0,109996.7
122500.0,159476.7
154200.0,143813.4
500001.0,374993.5
164500.0,171816.7
500001.0,375240.2
318800.0,304596.8
375000.0,306953.3
121900.0,138156.7
143400.0,121690.0
176300.0,168583.3
52000.0,61650.0
158000.0,139440.0
288500.0,199213.3
237500.0,181703.3
176000.0,241973.3
296900.0,262643.3
253900.0,180073.3
200400.0,215260.0
117800.0,131320.0
114800.0,105670.0
156100.0,159183.3
340000.0,252163.4
59300.0,65936.7
329400.0,304276.7
124200.0,133113.3
76700.0,104020.0
87100.0,127460.0
126400.0,90260.0
236100.0,150263.3
286800.0,345100.0
221300.0,257290.0
347100.0,332113.4
158100.0,177806.7
102400.0,120156.7
221200.0,223850.0
212200.0,224836.7
121600.0,171123.3
73100.0,80243.3
218300.0,176650.0
198000.0,213733.3
228300.0,302556.7
240100.0,247070.0
215000.0,194883.3
240200.0,304753.4
84500.0,73576.7
500001.0,437360.4
65200.0,66233.3
207800.0,196280.0
318600.0,284780.0
224200.0,190456.7
118900.0,115880.0
284400.0,292076.7
208000.0,229836.7
79800.0,79850.0
103900.0,97943.3
98300.0,109830.0
145200.0,130773.3
171400.0,184663.3
238800.0,209080.0
189100.0,190080.0
500001.0,480794.1
89200.0,90083.3
154200.0,194823.4
102300.0,118066.7
410400.0,371106.7
163800.0,184723.3
91900.0,95346.7
86200.0,106783.3
85500.0,84416.7
475000.0,297526.8
404000.0,379410.1
265300.0,232126.7
279900.0,230953.3
70500.0,78936.7
264300.0,227106.7
92400.0,95703.3
81100.0,89903.3
187300.0,217906.7
158600.0,141816.7
58300.0,56786.7
196500.0,196116.7
181700.0,171320.0
39800.0,74936.7
240800.0,262433.3
117600.0,165360.0
186500.0,222413.3
58300.0,54240.0
171900.0,184810.0
89600.0,81236.7
393800.0,317296.7
187900.0,207213.3
220900.0,237373.3
127400.0,124580.0
104900.0,90700.0
226800.0,250103.4
161300.0,181310.0
137500.0,151863.3
267700.0,270483.3
137500.0,159146.7
83900.0,91823.3
87800.0,90246.7
295900.0,333430.0
350000.0,402130.1
450000.0,251903.4
120700.0,145986.7
203300.0,221203.3
170200.0,170636.7
93500.0,92543.3
206300.0,221920.0
174400.0,223360.0
243200.0,243856.7
365000.0,449820.5
500001.0,492687.6
125400.0,129296.7
238900.0,236990.0
169800.0,240790.0
340400.0,405353.6
189200.0,208693.3
65500.0,69940.0
251000.0,217626.7
175500.0,187636.7
142500.0,183506.7
412700.0,443763.9
252200.0,209360.0
316900.0,359666.7
182500.0,180776.7
309100.0,316730.0
129200.0,129683.3
179300.0,230176.7
268800.0,326743.4
161000.0,152910.0
500001.0,394176.8
254500.0,237033.3
133700.0,172416.7
54200.0,86440.0
223100.0,232906.7
82000.0,87990.0
264600.0,320826.8
115600.0,157900.0
352200.0,352256.7
213900.0,237470.0
85500.0,107440.0
237500.0,288770.0
193500.0,272170.0
280000.0,263173.4
103100.0,91993.3
108000.0,130683.3
184500.0,219366.7
215400.0,223406.7
59800.0,74226.7
324000.0,277380.0
225000.0,199190.0
319400.0,335273.4
181300.0,243956.7
82100.0,116100.0
414800.0,406870.1
229200.0,238136.7
122900.0,184000.0
174800.0,189466.7
185300.0,185260.0
259600.0,280336.7
105400.0,114730.0
332300.0,313673.4
157600.0,202273.3
277600.0,325833.4
212500.0,201213.3
225800.0,224416.7
367000.0,389313.5
377200.0,302696.7
431600.0,399770.1
325600.0,358233.4
225900.0,180680.0
101800.0,94886.7
275000.0,109946.7
500001.0,356006.8
150800.0,174720.0
412500.0,300670.0
191900.0,198636.7
326100.0,353373.4
144400.0,120593.3
154200.0,147326.7
311800.0,350596.7
260900.0,285523.3
180400.0,182176.7
162400.0,193843.3
134900.0,148823.3
216700.0,227830.0
173300.0,161423.3
179200.0,112333.3
180500.0,196373.3
435700.0,323610.0
82000.0,69043.3
139800.0,136856.7
287000.0,263186.7
365900.0,443027.1
275000.0,383726.7
129200.0,127980.0
48100.0,68836.6
200500.0,171426.7
353800.0,350843.4
293900.0,308350.0
211600.0,234090.0
75600.0,77470.0
378100.0,407956.7
175000.0,331100.1
154700.0,169063.3
288200.0,359986.8
187500.0,201430.0
214600.0,217703.3
157100.0,200083.3
185400.0,200556.7
77700.0,78166.7
158700.0,203973.3
118500.0,127373.3
164100.0,168060.0
197000.0,228403.3
105900.0,102903.3
73700.0,86820.0
100500.0,145960.0
108000.0,94373.3
112600.0,126626.7
59200.0,90783.3
50100.0,52630.0
195100.0,263546.7
162500.0,188993.3
47500.0,72143.3
130700.0,138513.3
301100.0,309320.0
175200.0,170136.7
101100.0,120700.0
159900.0,188853.3
145800.0,203723.4
63600.0,76650.0
320000.0,391620.3
151500.0,128070.0
382500.0,309136.7
240800.0,224840.0
282700.0,268290.0
229000.0,234173.3
171800.0,172220.0
362100.0,382790.1
86900.0,113076.7
300400.0,259543.3
174600.0,175886.7
100800.0,94153.3
128800.0,180473.3
365900.0,440960.5
169600.0,139910.0
138200.0,143166.7
88600.0,97773.3
337500.0,376200.0
465000.0,343740.2
165000.0,140693.3
191100.0,275250.1
71300.0,54046.7
96000.0,79263.3
338600.0,325556.7
275000.0,302580.0
198100.0,159266.7
161700.0,162266.7
182500.0,138786.7
114800.0,121616.7
375000.0,329163.4
87500.0,132843.3
243800.0,227486.7
185600.0,175243.3
234600.0,258080.0
82400.0,86600.0
100000.0,140083.3
216600.0,205386.7
105800.0,93363.3
188600.0,215243.3
93800.0,75480.0
92900.0,114523.3
167400.0,259066.7
169500.0,220646.7
213100.0,206103.3
337300.0,384486.8
73400.0,83460.0
138200.0,189683.3
106300.0,151206.7
492900.0,393783.6
101400.0,87193.3
282900.0,266643.3
269300.0,260856.7
257600.0,256176.7
283300.0,196233.4
90900.0,101803.3
63200.0,63830.0
292000.0,303230.0
231900.0,271653.3
176600.0,202426.7
237400.0,225370.0
243400.0,280253.3
113800.0,135540.0
429300.0,475187.1
251800.0,220396.7
51600.0,56533.3
442100.0,463350.5
178100.0,192700.0
212500.0,285093.3
496000.0,407200.1
200800.0,270246.7
246200.0,236383.3
287100.0,349593.4
86800.0,90210.0
234000.0,260770.0
128100.0,124883.3
240900.0,278073.3
200200.0,222046.7
250400.0,251343.4
337000.0,371340.1
202300.0,228220.0
87500.0,74906.6
164800.0,226336.7
73000.0,78300.0
325800.0,312006.7
274100.0,312240.0
111600.0,124690.0
96100.0,116703.3
320700.0,244396.7
396900.0,351746.7
144800.0,177793.3
107600.0,130940.0
214600.0,231920.0
252100.0,272930.0
92400.0,141326.7
62500.0,73780.0
196900.0,220856.7
93600.0,132503.3
143400.0,123453.3
118100.0,135343.3
75100.0,81513.3
161800.0,181183.3
363100.0,256080.0
261500.0,269410.0
97000.0,102160.0
235500.0,284243.3
158800.0,132363.3
115800.0,129850.0
88900.0,92406.7
54300.0,75930.0
136500.0,121353.3
177900.0,184570.0
287500.0,319766.8
287500.0,174046.7
500001.0,379500.1
500001.0,440930.6
412500.0,320006.7
64700.0,79740.0
148100.0,165450.0
91700.0,82640.0
76400.0,99230.0
134000.0,147166.7
311700.0,329670.1
133500.0,166206.7
78600.0,112306.7
